Model,Accuracy_with_id,Accuracy_without_id,Delta
Logistic Regression,0.7536231884057971,0.7536231884057971,0.0
Random Forest,0.8188405797101449,0.8188405797101449,0.0
Logistic Regression + SMOTE,0.7463768115942029,0.7463768115942029,0.0
XGBoost,0.7898550724637681,0.7898550724637681,0.0
LightGBM,0.8043478260869565,0.8043478260869565,0.0
