Model,Dataset,Accuracy,Precision,Recall,F1,ROC-AUC
XGBoost,Test,0.8405797101449275,0.8648648648648649,0.8421052631578947,0.8533333333333334,0.9256154499151104
LightGBM,Test,0.8405797101449275,0.8857142857142857,0.8157894736842105,0.8493150684931505,0.916383701188455
Random Forest,Test,0.8260869565217391,0.8611111111111112,0.8157894736842105,0.8378378378378377,0.9028013582342954
Logistic Regression,Test,0.7608695652173914,0.8115942028985508,0.7368421052631579,0.7724137931034482,0.8238539898132426
