Model,Dataset,Accuracy,F1,ROC-AUC
XGBoost,Test,0.8405797101449275,0.8533333333333334,0.9256154499151104
LightGBM,Test,0.8405797101449275,0.8493150684931505,0.916383701188455
Random Forest,Test,0.8260869565217391,0.8378378378378377,0.9028013582342954
Logistic Regression,Test,0.7608695652173914,0.7724137931034482,0.8238539898132426
